CEBBRM.xaa;201
CCCBRN.xaa;202
CFCARM.xaa;204
CIEAMN.xaa;204
CGEDRL.xaa;205
CCBAMO.xaa;205
CIBDMN.xaa;207
CHCARO.xaa;207
CCABMP.xaa;208
CDCARO.xaa;209
CJBDRN.xaa;216
CCBAMN.xaa;219
CAAAMN.xaa;222
CKBARN.xaa;225
CAAAMO.xaa;225
CFEBMN.xaa;228
CKCARN.xaa;231
CHEAMM.xaa;231
CGBARM.xaa;232
CAABRM.xaa;232
CBCDMN.xaa;236
CEEDRL.xaa;241
CJAAMN.xaa;243
CJBARN.xaa;244
CHAAMP.xaa;245
CECARO.xaa;245
CBCDMO.xaa;248
CGEBMN.xaa;248
CAAARM.xaa;252
CIABMN.xaa;253
CCABRP.xaa;255
CFABRP.xaa;260
CDCAMM.xaa;265
CKAARO.xaa;265
CDEBMM.xaa;268
CJEDMN.xaa;275
CIBBRN.xaa;275
CHBDMM.xaa;276
CGADML.xaa;277
CEEBMN.xaa;278
CFAARL.xaa;279
CFEDRL.xaa;279
CFCARO.xaa;282
CDABRL.xaa;283
CHEBRM.xaa;286
CFEBMO.xaa;287
CGABMM.xaa;287
CHEBRO.xaa;289
CBAAMP.xaa;290
CDBBRO.xaa;291
CBAARP.xaa;292
CEAARL.xaa;292
CJAAMO.xaa;297
CDCAMN.xaa;299
CDBAMO.xaa;302
CGCARO.xaa;308
CGBARO.xaa;311
CKEDRN.xaa;312
CHADRL.xaa;318
CKCBRN.xaa;321
CEBAMN.xaa;325
CFABMP.xaa;326
CGBDMP.xaa;329
CGBDRP.xaa;330
CCBARM.xaa;333
CICDRN.xaa;335
CABDMO.xaa;335
CCEBRM.xaa;336
CJCARN.xaa;337
CFADML.xaa;337
CGEBRO.xaa;343
CHEAMO.xaa;343
CKADMN.xaa;345
CDBAMN.xaa;348
CJCBRN.xaa;350
CEEBMO.xaa;352
CEABRP.xaa;356
CBEDRL.xaa;357
CECARM.xaa;360
CCAARL.xaa;360
CJABRO.xaa;361
CCCARN.xaa;366
CIADMM.xaa;373
CBBARN.xaa;375
CEBAMO.xaa;376
CJEDMO.xaa;377
CFADMN.xag;379
CBEBRN.xaa;379
CEEAMM.xaa;380
CBAAMM.xaa;382
CICBRN.xaa;387
CGEAMM.xaa;387
CAABRO.xaa;388
CHEARM.xaa;393
CFBARM.xaa;396
CIEARO.xaa;398
CHCDRP.xaa;400
CABDRO.xaa;402
CEEBRM.xaa;403
CDEBMN.xaa;412
