DGCARM.xaa;203
DBBDRL.xaa;203
DECARO.xaa;206
DHEAMM.xaa;208
DGABMP.xaa;210
DHADRL.xaa;213
DEAARL.xaa;218
DJADMM.xaa;218
DBBARN.xaa;218
DDCARO.xaa;219
DHCARO.xaa;220
DGEBMO.xaa;225
DFCARO.xaa;225
DCBBRN.xaa;227
DBAAMM.xaa;234
DEEBRM.xaa;236
DDEBRO.xaa;237
DKBARN.xaa;242
DABDMO.xaa;244
DCCARN.xaa;245
DABDRO.xaa;246
DBABRM.xaa;246
DKEDMN.xaa;246
DGEBMN.xaa;247
DGBARM.xaa;249
DFAARL.xaa;251
DAAARO.xaa;255
DCABMM.xaa;257
DIEARM.xaa;257
DKABRM.xaa;258
DECBRN.xaa;259
DIADRL.xaa;259
DDCAMN.xaa;259
DDCAMM.xaa;260
DEEBRO.xaa;261
DFABRP.xaa;262
DGABMM.xaa;267
DIBDMM.xaa;275
DDCBRN.xaa;277
DIEBRM.xaa;278
DHAARP.xaa;278
DGEBRO.xaa;280
DEEAMM.xaa;280
DFEBMO.xaa;280
DFEAMM.xaa;281
DJBDMN.xaa;288
DHEBRM.xaa;290
DEBAMN.xaa;291
DFBAMN.xaa;295
DIABMN.xaa;295
DCAARL.xaa;297
DCEARM.xaa;300
DDEBRM.xaa;301
DEABRP.xaa;302
DBABMN.xaa;303
DICDMP.xaa;303
DJABMO.xaa;307
DDABRP.xaa;309
DGCARO.xaa;310
DFEBRM.xaa;313
DJADRM.xaa;314
DGEAMM.xaa;314
DIEAMN.xaa;316
DIAAMM.xaa;318
DCEAMN.xaa;323
DCBDML.xaa;330
DFBAMO.xaa;332
DBCDRO.xaa;333
DEABMM.xaa;333
DKCARN.xaa;334
DKABRO.xaa;341
DECARM.xaa;347
DFEBRO.xaa;350
DFCBRN.xaa;350
DEBAMO.xaa;350
DHBDMM.xaa;357
DHBDRP.xaa;357
DJCBRN.xaa;358
DFABMP.xaa;360
DIEARO.xaa;365
DFABMM.xaa;369
DDEAMM.xaa;371
DGBARO.xaa;374
DGEBRM.xaa;379
DDCARM.xaa;387
DAEDRP.xaa;389
DDBAMN.xaa;402
DBEDML.xaa;404
DEBDRL.xaa;409
DAADML.xaa;422
DFCARM.xaa;427
DDAARL.xaa;437
DGEDRL.xaa;438
DJBARN.xaa;442
DDBARM.xaa;445
DJABRM.xaa;449
DHBDMP.xaa;453
DEEDML.xaa;456
DDABMM.xaa;466
DJCARN.xaa;474
