EJAAMM.xaa;205
EDEBRM.xaa;211
EKEBRO.xaa;213
EJEDRN.xaa;214
EAAARO.xaa;217
EKABMO.xaa;219
EDEAMM.xaa;219
EFEAMM.xaa;219
EEAARL.xaa;219
EBAAMM.xaa;220
EJEARO.xaa;221
EJEARM.xaa;221
EFBBRO.xaa;221
EHBAMO.xaa;222
EKBBRN.xaa;224
EBCDMN.xaa;224
EGBBRO.xaa;224
EGBARM.xaa;235
EECAMN.xaa;237
ECCDMP.xaa;238
EFCDRL.xaa;240
EJEBRM.xaa;244
EHCAMN.xaa;245
EIBDMM.xaa;246
EDBARM.xaa;251
EEBBRM.xaa;253
EHEAMM.xaa;254
EGCARO.xaa;255
EECDRL.xaa;258
EFBARM.xaa;260
EBCDMO.xaa;262
EHEBMN.xaa;263
EABDMO.xaa;270
EABDRO.xaa;270
EDBAMN.xaa;271
EFBBRM.xaa;271
EDAARL.xaa;272
EFCAMN.xaa;272
EECDML.xaa;275
EBBDRL.xaa;277
EBABMN.xaa;277
EDCARM.xaa;277
EDABMP.xaa;278
ECEARM.xaa;280
EJABMN.xaa;282
EGEBMN.xaa;286
EAEDRP.xaa;291
EGCBRM.xaa;295
EEEBMN.xaa;297
EEBARM.xaa;300
EDADRN.xbkx;301
EEEAMM.xaa;304
ECBDML.xaa;305
EIBDRP.xaa;305
ECCARN.xaa;306
EDBDML.xaa;311
EGABRP.xaa;312
EJADRO.xaa;312
EHCARM.xaa;320
EBEDRL.xaa;321
EHABMM.xaa;327
EKEARO.xaa;328
EFCBRM.xaa;329
EHBARO.xaa;330
EFBDRL.xaa;330
EEABRP.xaa;336
EGEBMO.xaa;344
ECCDRP.xaa;348
ECEDML.xaa;353
EKAARM.xaa;353
EHCARO.xaa;361
ECBDRP.xaa;362
EFEBMN.xaa;366
ECEAMN.xaa;369
EKABRM.xaa;370
ECABMM.xaa;372
EIEBRM.xaa;376
EIAAMP.xaa;377
EDBBRN.xaa;384
EDEDML.xaa;394
EDBAMO.xaa;400
EEEBMO.xaa;410
EAADML.xaa;418
EFABRP.xaa;421
EIEAMO.xaa;422
ECEBRN.xaa;440
EDBARO.xaa;443
EHAARP.xaa;445
EECBRN.xaa;448
EECARM.xaa;450
EDABMM.xaa;453
EHADML.xaa;467
EGEARM.xaa;470
EFEBMO.xaa;472
EDBDRL.xaa;480
EGEBRO.xaa;482
EGABMP.xaa;486
EGAARP.xaa;487
EHEBRM.xaa;488
EGCARM.xaa;495
