FCEARO.xaa;208
FKEDMN.xaa;208
FEABMP.xaa;209
FDABRP.xaa;209
FHABRP.xaa;209
FFEBMN.xaa;211
FEBBRM.xaa;211
FECDML.xaa;212
FICAMO.xaa;212
FIEBMN.xaa;213
FHBAMO.xaa;213
FHEBRO.xaa;213
FAADML.xaa;214
FFAAML.xaa;216
FKEBMN.xaa;216
FDCAMN.xaa;216
FDBAMO.xaa;217
FICDMM.xaa;218
FDCDML.xaa;219
FGABRP.xaa;219
FEBAMN.xaa;222
FKAAMM.xaa;224
FHBARM.xaa;225
FFBAMO.xaa;228
FFCAMO.xaa;228
FDCBRM.xaa;231
FFABRP.xaa;233
FHEBMN.xaa;235
FGBDRL.xaa;236
FICAMN.xaa;237
FIAARP.xaa;239
FFCBMN.xaa;240
FFBAMN.xaa;241
FEBARO.xaa;243
FBABMO.xaa;247
FDABMP.xaa;247
FKABMN.xaa;248
FICBRM.xaa;254
FFBBRM.xaa;255
FDBARM.xaa;259
FGBAMN.xaa;264
FEAARL.xaa;265
FFBARO.xaa;265
FECAMN.xaa;265
FHABMP.xaa;266
FDEAMM.xaa;268
FGEBMN.xaa;271
FBCDRO.xaa;280
FECDRL.xaa;280
FGEDRO.xab;282
FBABRO.xaa;285
FHCDMM.xaa;290
FDEBRM.xaa;292
FECBRM.xaa;293
FDCDRL.xaa;294
FEBARM.xaa;296
FBEARN.xaa;301
FGEDML.xaa;302
FGAARL.xaa;305
FGBAMO.xaa;305
FHBARO.xaa;308
FKEAMN.xaa;308
FICARO.xaa;309
FHCAMN.xaa;313
FHBDRP.xaa;315
FEEBRM.xaa;317
FECBRN.xaa;326
FDCBRN.xaa;327
FDAARL.xaa;328
FDCARM.xaa;330
FCBDML.xaa;330
FGEDRL.xaa;337
FKEARM.xaa;338
FHCARO.xaa;338
FAADRL.xaa;341
FGCARO.xaa;342
FICDRM.xaa;352
FHEAMM.xaa;355
FJEBRM.xaa;357
FICARM.xaa;359
FFABMP.xaa;360
FFAARL.xaa;361
FJEARM.xaa;362
FIABMM.xaa;365
FFCARO.xaa;365
FGABMP.xaa;366
FJEARO.xaa;368
FKEBRM.xaa;371
FJEDRO.xaa;371
FECDMP.xaa;373
FEEDML.xaa;374
FGBARM.xaa;379
FHCBRM.xaa;382
FFBARM.xaa;383
FGCAMN.xaa;388
FFEAMM.xaa;391
FKEARO.xaa;399
FFCDML.xaa;403
FBEDRP.xaa;409
FIAAMP.xaa;417
