JIAAMP.xaa;201
JAAARN.xaa;202
JGEDMP.xaa;203
JICDRO.xaa;204
JJCAMO.xaa;204
JDCBRN.xaa;206
JJEBMM.xaa;208
JHAAMP.xaa;209
JECBRM.xaa;209
JJCDMN.xaa;209
JHBBRM.xaa;209
JDCAMN.xaa;210
JKAAMP.xaa;210
JDEAMN.xaa;212
JIBARO.xaa;213
JCABMO.xaa;213
JJCARO.xaa;215
JGBAMO.xaa;220
JIBBRM.xaa;221
JAABRN.xaa;221
JECARO.xaa;225
JHBARO.xaa;227
JJCBRL.xaa;228
JJBAMN.xaa;229
JICARO.xaa;231
JHEBMN.xaa;233
JFEDMP.xaa;235
JGAAMP.xaa;236
JFBDMN.xaa;238
JGCAMM.xaa;240
JHCAMO.xaa;241
JJCDMO.xaa;242
JKBARM.xaa;243
JEEARM.xaa;244
JKBBRO.xaa;249
JICARL.xaa;250
JGCBRL.xaa;251
JKBARO.xaa;252
JCABRO.xaa;254
JCABRM.xaa;257
JJCAMM.xaa;259
JHBAMO.xaa;260
JHCARO.xaa;261
JKCAMO.xaa;261
JCAAMN.xaa;263
JJBARM.xaa;264
JGBAMN.xaa;268
JGCBMM.xaa;268
JICAMO.xaa;270
JFCBMM.xaa;273
JKBBRM.xaa;274
JGCARO.xaa;275
JKBAMN.xaa;275
JFCARO.xaa;277
JJCBMM.xaa;280
JFABMM.xaa;285
JIEBMN.xaa;291
JCCDRM.xaa;300
JBADML.xaa;301
JHCDMO.xaa;302
JBEDMN.xaa;308
JGBARM.xaa;308
JFEAMO.xaa;308
JGEAMM.xaa;310
JCBDRM.xaa;316
JHCAMM.xaa;316
JHCBRL.xaa;318
JECAMN.xaa;318
JDABMN.xaa;318
JCEARN.xaa;321
JFBARO.xaa;321
JKCBMM.xaa;324
JFEBRM.xaa;329
JECBRN.xaa;330
JFBAMO.xaa;330
JCBDMN.xaa;331
JAADMM.xaa;331
JHBAMN.xaa;334
JEBDRN.xaa;336
JFCARM.xaa;337
JICBMM.xaa;340
JIBAMN.xaa;341
JICAMM.xaa;342
JKEBMM.xaa;342
JCBARN.xaa;344
JFBAMN.xaa;347
JHCBMM.xaa;350
JIEDRM.xaa;350
JHBDMN.xaa;351
JIBARM.xaa;354
JGCBMN.xaa;357
JAADML.xaa;382
JJBDMN.xaa;383
JFCAMN.xaa;384
JGEAMO.xaa;384
JAADRL.xaa;385
JICBRL.xaa;389
JHBARM.xaa;389
JJEBMN.xaa;391
JCAARM.xaa;396
