KIBARM.xaa;208
KEEAMN.xaa;211
KGADMO.xaa;214
KJBARM.xaa;216
KJEBMM.xaa;218
KEEARM.xaa;218
KGEARO.xaa;221
KDCBRN.xaa;223
KHBARM.xaa;223
KFADRO.xaa;224
KDEARM.xaa;226
KCABRM.xaa;230
KECBRN.xaa;234
KDABMN.xaa;235
KFADMN.xaa;236
KJCAMN.xaa;240
KHADRO.xaa;241
KAAARN.xaa;245
KJABRL.xaa;246
KGCARM.xaa;247
KGEDRN.xaa;247
KICAMN.xaa;248
KIBAMN.xaa;249
KKAAMP.xaa;249
KHBDRN.xaa;250
KHEDRN.xaa;250
KKCBML.xaa;256
KKBARO.xaa;256
KKCAMO.xaa;260
KFEBRM.xaa;260
KKCARO.xaa;261
KGADMN.xaa;263
KAABRL.xaa;266
KKEBMO.xaa;267
KGCBMM.xaa;271
KFCBRM.xaa;272
KFEDRN.xaa;274
KCAARM.xaa;277
KECARN.xaa;280
KJBAMN.xaa;280
KKABRP.xaa;282
KDCARN.xaa;283
KCEBRN.xaa;283
KJBBRM.xaa;284
KKAARP.xaa;284
KDEDRN.xaa;288
KFEARM.xaa;289
KKCARL.xaa;291
KHCBRL.xaa;305
KDBARN.xaa;312
KDABRO.xaa;314
KKBBMN.xaa;317
KEBDRN.xaa;327
KHCBMM.xaa;327
KDAAMN.xaa;330
KGADRO.xaa;333
KEABMN.xaa;335
KEBBRN.xaa;337
KGBBRM.xaa;343
KEABRO.xaa;343
KFEAMN.xaa;347
KFBDRN.xaa;347
KKBARM.xaa;352
KGABMM.xaa;356
KEAAMN.xaa;358
KEBARN.xaa;363
KGAAMM.xaa;364
KDBDRN.xaa;367
KHEARO.xaa;369
KKCBMO.xaa;370
KGBDRN.xaa;376
KHCBMN.xaa;377
KDABRM.xaa;378
KDABMO.xaa;378
KKEARL.xaa;384
KKCAMM.xaa;386
KJCBMM.xaa;386
KFABRO.xaa;401
KAABRN.xaa;407
KIEBRM.xaa;407
KKADRO.xaa;411
KEABMO.xaa;418
KJEBMN.xaa;420
KHBBRM.xaa;426
KGEARM.xaa;442
KFCBRN.xaa;447
KKEAMO.xaa;449
KGEBRM.xaa;451
KKBBMM.xaa;453
KHAAMM.xaa;456
KHCARM.xaa;458
KICARM.xaa;466
KGABRO.xaa;467
KIEARO.xaa;474
KKBAMN.xaa;505
KBABRN.xaa;511
KEABRM.xaa;512
KFABMN.xaa;517
KIEAMM.xaa;519
KJCARM.xaa;525
